{
  "condition": "no_cofactor",
  "base_dir": "/nfs/lambda_stor_01/homes/rzhu/PMD/structures/boltz2/output_2mvap_no_cofactor",
  "total_variants": 19,
  "total_models": 190,
  "stats": {
    "WT": {
      "n_models": 10,
      "ki": 18,
      "titer": 475,
      "kcat_km": 0.066,
      "mean_dist": 8.8972534729557,
      "median_dist": 9.749016574799803,
      "std_dist": 2.2200859446771957,
      "min_dist": 5.937646150295792,
      "max_dist": 13.393268819006183,
      "n_close": 10,
      "frac_close": 1.0,
      "n_entrance": 10,
      "n_active_site": 0,
      "frac_entrance": 1.0,
      "frac_active_site": 0.0,
      "mean_entrance_contacts": 6.6,
      "mean_A_S_iptm": 0.8903861343860626,
      "binding_modes": {
        "entrance": 10
      },
      "mean_l1_to_active_site": 3.95581319320086
    },
    "Y19H": {
      "n_models": 10,
      "ki": null,
      "titer": 388,
      "kcat_km": 0.78,
      "mean_dist": 10.491977756413128,
      "median_dist": 11.02092130475974,
      "std_dist": 2.7045930695184537,
      "min_dist": 6.130963504613116,
      "max_dist": 13.528603135051094,
      "n_close": 10,
      "frac_close": 1.0,
      "n_entrance": 10,
      "n_active_site": 0,
      "frac_entrance": 1.0,
      "frac_active_site": 0.0,
      "mean_entrance_contacts": 6.9,
      "mean_A_S_iptm": 0.8786966562271118,
      "binding_modes": {
        "entrance": 10
      },
      "mean_l1_to_active_site": 4.123382519146537
    },
    "K22M": {
      "n_models": 10,
      "ki": null,
      "titer": 22,
      "kcat_km": 0.12,
      "mean_dist": 11.846240465132103,
      "median_dist": 12.190382532321902,
      "std_dist": 1.8016997757846909,
      "min_dist": 9.19482610282677,
      "max_dist": 14.23361648760871,
      "n_close": 10,
      "frac_close": 1.0,
      "n_entrance": 10,
      "n_active_site": 0,
      "frac_entrance": 1.0,
      "frac_active_site": 0.0,
      "mean_entrance_contacts": 7.0,
      "mean_A_S_iptm": 0.8617124199867249,
      "binding_modes": {
        "entrance": 10
      },
      "mean_l1_to_active_site": 4.075163105184492
    },
    "K22Y": {
      "n_models": 10,
      "ki": null,
      "titer": 22,
      "kcat_km": 0.12,
      "mean_dist": 12.60854973157755,
      "median_dist": 12.308137630071819,
      "std_dist": 3.522311582859167,
      "min_dist": 8.430611342129396,
      "max_dist": 21.77127797813028,
      "n_close": 9,
      "frac_close": 0.9,
      "n_entrance": 9,
      "n_active_site": 0,
      "frac_entrance": 0.9,
      "frac_active_site": 0.0,
      "mean_entrance_contacts": 6.777777777777778,
      "mean_A_S_iptm": 0.8602563738822937,
      "binding_modes": {
        "intermediate": 1,
        "entrance": 9
      },
      "mean_l1_to_active_site": 4.162313707080083
    },
    "R74G": {
      "n_models": 10,
      "ki": 110,
      "titer": 975,
      "kcat_km": 0.04,
      "mean_dist": 9.067158544917412,
      "median_dist": 8.795582711066324,
      "std_dist": 3.278120028823226,
      "min_dist": 4.824938401848531,
      "max_dist": 14.801870380641297,
      "n_close": 10,
      "frac_close": 1.0,
      "n_entrance": 10,
      "n_active_site": 0,
      "frac_entrance": 1.0,
      "frac_active_site": 0.0,
      "mean_entrance_contacts": 7.5,
      "mean_A_S_iptm": 0.882505452632904,
      "binding_modes": {
        "entrance": 10
      },
      "mean_l1_to_active_site": 3.9235450877957296
    },
    "R74H": {
      "n_models": 10,
      "ki": null,
      "titer": 770,
      "kcat_km": 0.44,
      "mean_dist": 10.524754821741768,
      "median_dist": 8.230822630117274,
      "std_dist": 5.530976746358099,
      "min_dist": 5.807593606649832,
      "max_dist": 24.47400513695863,
      "n_close": 9,
      "frac_close": 0.9,
      "n_entrance": 9,
      "n_active_site": 0,
      "frac_entrance": 0.9,
      "frac_active_site": 0.0,
      "mean_entrance_contacts": 7.777777777777778,
      "mean_A_S_iptm": 0.8784387111663818,
      "binding_modes": {
        "entrance": 9,
        "intermediate": 1
      },
      "mean_l1_to_active_site": 3.9435846277405795
    },
    "I145A": {
      "n_models": 10,
      "ki": null,
      "titer": 623,
      "kcat_km": 0.01,
      "mean_dist": 9.054130550841666,
      "median_dist": 9.416274733570077,
      "std_dist": 2.102875651109657,
      "min_dist": 5.873266828588322,
      "max_dist": 13.711511197396389,
      "n_close": 10,
      "frac_close": 1.0,
      "n_entrance": 10,
      "n_active_site": 0,
      "frac_entrance": 1.0,
      "frac_active_site": 0.0,
      "mean_entrance_contacts": 7.0,
      "mean_A_S_iptm": 0.8788607358932495,
      "binding_modes": {
        "entrance": 10
      },
      "mean_l1_to_active_site": 3.938719716370411
    },
    "I145F": {
      "n_models": 10,
      "ki": null,
      "titer": null,
      "kcat_km": 0.2,
      "mean_dist": 9.967818564669946,
      "median_dist": 9.608852981511468,
      "std_dist": 2.027364554494623,
      "min_dist": 6.124431081033286,
      "max_dist": 13.462473166933638,
      "n_close": 10,
      "frac_close": 1.0,
      "n_entrance": 10,
      "n_active_site": 0,
      "frac_entrance": 1.0,
      "frac_active_site": 0.0,
      "mean_entrance_contacts": 5.9,
      "mean_A_S_iptm": 0.8723870694637299,
      "binding_modes": {
        "entrance": 10
      },
      "mean_l1_to_active_site": 4.0125204543853785
    },
    "R147K": {
      "n_models": 10,
      "ki": null,
      "titer": 793,
      "kcat_km": 0.32,
      "mean_dist": 10.024660980094303,
      "median_dist": 9.862004400730882,
      "std_dist": 2.726406022679168,
      "min_dist": 5.8287600836065385,
      "max_dist": 13.52147775819293,
      "n_close": 10,
      "frac_close": 1.0,
      "n_entrance": 9,
      "n_active_site": 1,
      "frac_entrance": 0.9,
      "frac_active_site": 0.1,
      "mean_entrance_contacts": 7.111111111111111,
      "mean_A_S_iptm": 0.8757291257381439,
      "binding_modes": {
        "entrance": 9,
        "active_site": 1
      },
      "mean_l1_to_active_site": 3.977473878622118
    },
    "S186C": {
      "n_models": 10,
      "ki": null,
      "titer": 596,
      "kcat_km": 0.08,
      "mean_dist": 9.288162993869374,
      "median_dist": 9.74227757333,
      "std_dist": 1.99346324828794,
      "min_dist": 5.799088083659431,
      "max_dist": 13.453114840558868,
      "n_close": 10,
      "frac_close": 1.0,
      "n_entrance": 10,
      "n_active_site": 0,
      "frac_entrance": 1.0,
      "frac_active_site": 0.0,
      "mean_entrance_contacts": 6.1,
      "mean_A_S_iptm": 0.8906068623065948,
      "binding_modes": {
        "entrance": 10
      },
      "mean_l1_to_active_site": 3.9687014857680203
    },
    "S208E": {
      "n_models": 10,
      "ki": null,
      "titer": null,
      "kcat_km": null,
      "mean_dist": 8.255802031716815,
      "median_dist": 7.4390496299102296,
      "std_dist": 2.047477052982097,
      "min_dist": 5.762390456703728,
      "max_dist": 13.110406349070766,
      "n_close": 10,
      "frac_close": 1.0,
      "n_entrance": 9,
      "n_active_site": 1,
      "frac_entrance": 0.9,
      "frac_active_site": 0.1,
      "mean_entrance_contacts": 6.666666666666667,
      "mean_A_S_iptm": 0.8505084335803985,
      "binding_modes": {
        "entrance": 9,
        "active_site": 1
      },
      "mean_l1_to_active_site": 3.9242973682665783
    },
    "T209D": {
      "n_models": 10,
      "ki": null,
      "titer": null,
      "kcat_km": 0.13,
      "mean_dist": 10.378302929199025,
      "median_dist": 10.132538596148514,
      "std_dist": 2.3911699138115803,
      "min_dist": 6.188629919094387,
      "max_dist": 13.302219756645192,
      "n_close": 10,
      "frac_close": 1.0,
      "n_entrance": 9,
      "n_active_site": 1,
      "frac_entrance": 0.9,
      "frac_active_site": 0.1,
      "mean_entrance_contacts": 6.444444444444445,
      "mean_A_S_iptm": 0.8733720004558563,
      "binding_modes": {
        "entrance": 9,
        "active_site": 1
      },