{
  "condition": "no_constraint",
  "base_dir": "/nfs/lambda_stor_01/homes/rzhu/PMD/structures/boltz2/output_2mvap_no_constraint",
  "total_variants": 19,
  "total_models": 190,
  "stats": {
    "WT": {
      "n_models": 10,
      "ki": 18,
      "titer": 475,
      "kcat_km": 0.066,
      "mean_dist": 20.15096828313898,
      "median_dist": 18.52153981123692,
      "std_dist": 10.437760128611757,
      "min_dist": 9.394353723250525,
      "max_dist": 33.000941418930985,
      "n_close": 5,
      "frac_close": 0.5,
      "n_entrance": 2,
      "n_active_site": 3,
      "frac_entrance": 0.2,
      "frac_active_site": 0.3,
      "mean_entrance_contacts": 5.5,
      "mean_A_S_iptm": 0.8171593487262726,
      "binding_modes": {
        "distant": 5,
        "active_site": 3,
        "entrance": 2
      },
      "mean_l1_to_active_site": 4.490241547044871
    },
    "Y19H": {
      "n_models": 10,
      "ki": null,
      "titer": 388,
      "kcat_km": 0.78,
      "mean_dist": 20.317007603121773,
      "median_dist": 12.725726658226606,
      "std_dist": 11.86999164550615,
      "min_dist": 12.27588407889091,
      "max_dist": 43.31012560249718,
      "n_close": 7,
      "frac_close": 0.7,
      "n_entrance": 7,
      "n_active_site": 0,
      "frac_entrance": 0.7,
      "frac_active_site": 0.0,
      "mean_entrance_contacts": 7.142857142857143,
      "mean_A_S_iptm": 0.7760886430740357,
      "binding_modes": {
        "distant": 3,
        "entrance": 7
      },
      "mean_l1_to_active_site": 3.6269634390738164
    },
    "K22M": {
      "n_models": 10,
      "ki": null,
      "titer": 22,
      "kcat_km": 0.12,
      "mean_dist": 25.582974394886133,
      "median_dist": 30.641667040620803,
      "std_dist": 11.189573796911075,
      "min_dist": 10.698657932475571,
      "max_dist": 41.80421457740444,
      "n_close": 4,
      "frac_close": 0.4,
      "n_entrance": 4,
      "n_active_site": 0,
      "frac_entrance": 0.4,
      "frac_active_site": 0.0,
      "mean_entrance_contacts": 6.75,
      "mean_A_S_iptm": 0.7542693555355072,
      "binding_modes": {
        "distant": 6,
        "entrance": 4
      },
      "mean_l1_to_active_site": 3.5753175750944117
    },
    "K22Y": {
      "n_models": 10,
      "ki": null,
      "titer": 22,
      "kcat_km": 0.12,
      "mean_dist": 24.16660454129338,
      "median_dist": 26.95512962446598,
      "std_dist": 9.46805406064247,
      "min_dist": 9.686322899388832,
      "max_dist": 34.81742973852233,
      "n_close": 3,
      "frac_close": 0.3,
      "n_entrance": 3,
      "n_active_site": 0,
      "frac_entrance": 0.3,
      "frac_active_site": 0.0,
      "mean_entrance_contacts": 6.0,
      "mean_A_S_iptm": 0.73361776471138,
      "binding_modes": {
        "distant": 5,
        "intermediate": 2,
        "entrance": 3
      },
      "mean_l1_to_active_site": 3.610639682741578
    },
    "R74G": {
      "n_models": 10,
      "ki": 110,
      "titer": 975,
      "kcat_km": 0.04,
      "mean_dist": 26.268534908568192,
      "median_dist": 22.889519693241503,
      "std_dist": 8.888090448780403,
      "min_dist": 9.178786092264655,
      "max_dist": 39.155949315929405,
      "n_close": 1,
      "frac_close": 0.1,
      "n_entrance": 1,
      "n_active_site": 0,
      "frac_entrance": 0.1,
      "frac_active_site": 0.0,
      "mean_entrance_contacts": 11.0,
      "mean_A_S_iptm": 0.6860773444175721,
      "binding_modes": {
        "distant": 4,
        "intermediate": 5,
        "entrance": 1
      },
      "mean_l1_to_active_site": 3.4427469872776717
    },
    "R74H": {
      "n_models": 10,
      "ki": null,
      "titer": 770,
      "kcat_km": 0.44,
      "mean_dist": 20.45947722015792,
      "median_dist": 21.982971880783644,
      "std_dist": 9.807996151297143,
      "min_dist": 9.316991464194734,
      "max_dist": 36.63396805895995,
      "n_close": 4,
      "frac_close": 0.4,
      "n_entrance": 3,
      "n_active_site": 1,
      "frac_entrance": 0.3,
      "frac_active_site": 0.1,
      "mean_entrance_contacts": 10.0,
      "mean_A_S_iptm": 0.8413765013217926,
      "binding_modes": {
        "entrance": 3,
        "distant": 4,
        "intermediate": 2,
        "active_site": 1
      },
      "mean_l1_to_active_site": 3.8246236743308204
    },
    "I145A": {
      "n_models": 10,
      "ki": null,
      "titer": 623,
      "kcat_km": 0.01,
      "mean_dist": 13.330810523953634,
      "median_dist": 10.459928550774222,
      "std_dist": 6.753533496113019,
      "min_dist": 9.988147821446237,
      "max_dist": 33.258105745603046,
      "n_close": 9,
      "frac_close": 0.9,
      "n_entrance": 7,
      "n_active_site": 2,
      "frac_entrance": 0.7,
      "frac_active_site": 0.2,
      "mean_entrance_contacts": 8.428571428571429,
      "mean_A_S_iptm": 0.8599771201610565,
      "binding_modes": {
        "distant": 1,
        "entrance": 7,
        "active_site": 2
      },
      "mean_l1_to_active_site": 4.277231247827526
    },
    "I145F": {
      "n_models": 10,
      "ki": null,
      "titer": null,
      "kcat_km": 0.2,
      "mean_dist": 20.240010563277416,
      "median_dist": 16.696139216685307,
      "std_dist": 10.372867471833157,
      "min_dist": 9.536987236062359,
      "max_dist": 34.78064672210917,
      "n_close": 5,
      "frac_close": 0.5,
      "n_entrance": 5,
      "n_active_site": 0,
      "frac_entrance": 0.5,
      "frac_active_site": 0.0,
      "mean_entrance_contacts": 7.6,
      "mean_A_S_iptm": 0.7853771805763244,
      "binding_modes": {
        "distant": 4,
        "entrance": 5,
        "intermediate": 1
      },
      "mean_l1_to_active_site": 3.571280798493607
    },
    "R147K": {
      "n_models": 10,
      "ki": null,
      "titer": 793,
      "kcat_km": 0.32,
      "mean_dist": 16.322033231905973,
      "median_dist": 11.663445595703372,
      "std_dist": 9.663732495808063,
      "min_dist": 10.325141257125338,
      "max_dist": 36.692349865024276,
      "n_close": 8,
      "frac_close": 0.8,
      "n_entrance": 8,
      "n_active_site": 0,
      "frac_entrance": 0.8,
      "frac_active_site": 0.0,
      "mean_entrance_contacts": 7.625,
      "mean_A_S_iptm": 0.8175968050956726,
      "binding_modes": {
        "distant": 2,
        "entrance": 8
      },
      "mean_l1_to_active_site": 3.5466957408389383
    },
    "S186C": {
      "n_models": 10,
      "ki": null,
      "titer": 596,
      "kcat_km": 0.08,
      "mean_dist": 19.572035691995655,
      "median_dist": 18.422799365471285,
      "std_dist": 9.875188323899074,
      "min_dist": 9.171745201755137,
      "max_dist": 32.82230506749759,
      "n_close": 5,
      "frac_close": 0.5,
      "n_entrance": 3,
      "n_active_site": 2,
      "frac_entrance": 0.3,
      "frac_active_site": 0.2,
      "mean_entrance_contacts": 6.333333333333333,
      "mean_A_S_iptm": 0.7930052518844605,
      "binding_modes": {
        "distant": 5,
        "entrance": 3,
        "active_site": 2
      },
      "mean_l1_to_active_site": 4.129644071630562
    },
    "S208E": {
      "n_models": 10,
      "ki": null,
      "titer": null,
      "kcat_km": null,
      "mean_dist": 16.51755964946883,
      "median_dist": 10.056687265468724,
      "std_dist": 10.54434632222282,
      "min_dist": 8.865018640702342,
      "max_dist": 33.81339109610817,
      "n_close": 7,
      "frac_close": 0.7,
      "n_entrance": 6,
      "n_active_site": 1,
      "frac_entrance": 0.6,
      "frac_active_site": 0.1,
      "mean_entrance_contacts": 5.666666666666667,
      "mean_A_S_iptm": 0.8604145109653473,
      "binding_modes": {
        "distant": 3,
        "entrance": 6,
        "active_site": 1
      },
      "mean_l1_to_active_site": 4.472878478239312
    },
    "T209D": {
      "n_models": 10,
      "ki": null,
      "titer": null,
      "kcat_km": 0.13,
      "mean_dist": 19.905742004916934,
      "median_dist": 12.92512943061173,
      "std_dist": 9.3923498595232,
      "min_dist": 11.90175863419918,
      "max_dist": 35.62898413532592,